ល.រ,ឈ្មោះសិស្ស,ភេទ,ថ្នាក់,លេខទូរស័ព្ទ,ទូរស័ព្ទអាណាព្យាបាល
1,សុខ ពិសិដ្ឋ,ប្រុស,Grade 10A,012345678,012345679
2,កែវ មុន្នី,ស្រី,Grade 10A,012888999,012888990
3,ចាន់ រដ្ឋា,ប្រុស,Grade 10A,015666777,015666778
4,ហេង ស្រីពៅ,ស្រី,Grade 10A,016555444,016555445
5,ជា វីរៈ,ប្រុស,Grade 10A,017333222,017333223
6,លី ធីតា,ស្រី,Grade 10B,018222111,018222112
7,ម៉េង បូរ៉ា,ប្រុស,Grade 10B,019111000,019111001
8,ទេព ចិន្តា,ស្រី,Grade 10B,089999888,089999889
9,គង់ វិសាល,ប្រុស,Grade 11A,077888777,077888778
10,ព្រំ រស្មី,ស្រី,Grade 11A,098777666,098777667
11,អ៊ុង វណ្ណា,ប្រុស,Grade 11B,012444555,012444556
12,ស៊ឹម កល្យាណ,ស្រី,Grade 11B,015999888,015999889
13,ឈិត សុគន្ធា,ស្រី,Grade 12A,016333444,016333445
14,ឌៀប ឧត្តម,ប្រុស,Grade 12A,017888999,017888990
15,ឃុន ទេវី,ស្រី,Grade 12B,089555666,089555667
